{
  // Build Fields
    "MANUFACTURER": "Google",
    "MODEL": "Pixel 8",
    "FINGERPRINT": "google/shiba_beta/shiba:16/BP31.250523.010/13667654:user/release-keys",
    "BRAND": "google",
    "PRODUCT": "shiba_beta",
    "DEVICE": "shiba",
    "RELEASE": "16",
    "ID": "BP31.250523.010",
    "INCREMENTAL": "13667654",
    "TYPE": "user",
    "TAGS": "release-keys",
    "SECURITY_PATCH": "2025-06-05",
    "DEVICE_INITIAL_SDK_INT": "32",

  // System Properties
    "*.build.id": "BP31.250523.010",
    "*.security_patch": "2025-06-05",
    "*api_level": "32"

  // Beta Released: 2025-06-25
  // Estimated Expiry: 2025-08-06
}
